City_ID,City,Lat,Lng,Max Temp,Humidity,Cloudiness,Wind Speed,Country,Date
0,Hermanus,-34.4187,19.2345,49.8,73,99,4.85,ZA,1668652990
1,Dikson,73.5069,80.5464,1.44,93,100,19.01,RU,1668652990
2,Bambanglipuro,-7.95,110.2833,86.61,66,44,3.51,ID,1668652990
3,Kahului,20.8947,-156.47,84.22,65,20,18.41,US,1668652990
4,Okány,46.9,21.35,52.56,97,100,5.23,HU,1668652991
5,Thinadhoo,0.5333,72.9333,81.25,71,98,11.01,MV,1668652991
6,Lompoc,34.6391,-120.4579,55.78,58,0,3.44,US,1668652992
7,Warwick,41.7001,-71.4162,42.91,81,40,10.36,US,1668652992
8,Kamiiso,41.8167,140.65,46.78,49,40,19.57,JP,1668652992
9,Mill Valley,37.906,-122.545,60.85,54,100,1.01,US,1668652993
10,Busselton,-33.65,115.3333,62.26,56,88,21.0,AU,1668652993
11,Rikitea,-23.1203,-134.9692,73.58,91,100,23.6,PF,1668652993
12,Maturin,9.75,-63.1767,72.95,95,91,4.52,VE,1668652994
13,Mataura,-46.1927,168.8643,58.48,82,99,4.14,NZ,1668652994
14,Tautira,-17.7333,-149.15,77.72,78,72,6.02,PF,1668652994
15,Ovsyanka,55.9575,92.5519,31.23,71,100,16.6,RU,1668652994
16,Kawalu,-7.3817,108.2082,85.98,63,60,2.53,ID,1668652995
17,Provideniya,64.3833,-173.3,35.71,87,100,7.0,RU,1668652995
18,Najrān,17.4924,44.1277,57.85,35,11,1.88,SA,1668652995
19,Nuuk,64.1835,-51.7216,25.41,74,100,13.0,GL,1668652996
20,Nikolskoye,59.7035,30.7861,34.79,96,97,7.14,RU,1668652996
21,Vaini,-21.2,-175.2,80.76,78,75,4.61,TO,1668652996
22,Adrar,20.5022,-10.0711,71.74,23,0,10.36,MR,1668652997
23,Upernavik,72.7868,-56.1549,11.21,94,99,13.76,GL,1668652997
24,Morant Bay,17.8815,-76.4093,78.8,85,56,9.57,JM,1668652997
25,Airai,-8.9266,125.4092,76.35,51,75,2.71,TL,1668652998
26,Nouadhibou,20.931,-17.0347,73.38,56,1,12.66,MR,1668652998
27,Port Elizabeth,-33.918,25.5701,63.32,78,0,10.36,ZA,1668652999
28,Atuona,-9.8,-139.0333,78.48,76,8,15.37,PF,1668652999
29,Mahébourg,-20.4081,57.7,70.25,78,75,3.44,MU,1668652826
30,Nokha,27.6,73.4167,68.43,29,0,4.0,IN,1668652999
31,Longyearbyen,78.2186,15.6401,21.04,68,20,12.66,SJ,1668653000
32,Hobart,-42.8794,147.3294,61.05,69,98,6.51,AU,1668652708
33,Tigil',57.8,158.6667,20.17,93,70,4.18,RU,1668653000
34,Hong Kong,22.2855,114.1577,79.97,80,64,11.01,HK,1668652724
35,Saint Paul Harbor,57.79,-152.4072,42.31,100,100,16.11,US,1668653000
36,Acaraú,-2.8856,-40.12,78.44,73,5,13.49,BR,1668653001
37,Tuktoyaktuk,69.4541,-133.0374,15.8,67,40,5.75,CA,1668652756
38,São Filipe,14.8961,-24.4956,77.05,69,77,3.33,CV,1668653001
39,Bluff,-46.6,168.3333,58.8,89,100,14.27,NZ,1668653002
40,Punta Arenas,-53.15,-70.9167,48.31,71,0,8.05,CL,1668653002
41,Butaritari,3.0707,172.7902,81.57,72,58,14.25,KI,1668653002
42,Namuac,18.6109,121.1657,83.84,69,0,13.51,PH,1668653003
43,Jijiga,9.35,42.8,58.08,54,0,1.74,ET,1668653003
44,Yellowknife,62.456,-114.3525,5.56,85,75,2.3,CA,1668652873
45,Bridgetown,13.1,-59.6167,81.09,78,40,14.97,BB,1668652998
46,Karpogory,64.0019,44.4451,13.26,96,67,5.59,RU,1668653003
47,Thompson,55.7435,-97.8558,14.16,85,100,12.66,CA,1668653004
48,Bethel,41.3712,-73.414,41.54,74,0,5.75,US,1668652833
49,Ribeira Grande,38.5167,-28.7,62.78,62,43,7.0,PT,1668652831
50,Khuzhir,53.1939,107.3397,36.39,51,27,7.23,RU,1668653004
51,Lavrentiya,65.5833,-171.0,33.44,95,100,15.05,RU,1668653005
52,Lucapa,-8.4192,20.7447,63.32,98,100,2.13,AO,1668653005
53,Laas,46.6166,10.7002,36.01,73,64,2.21,IT,1668653005
54,Petropavlovsk-Kamchatskiy,53.0452,158.6483,24.78,50,0,6.71,RU,1668652774
55,Hualmay,-11.0964,-77.6139,64.27,85,100,8.68,PE,1668653006
56,Honningsvåg,70.9821,25.9704,42.55,65,14,10.36,NO,1668653006
57,Torbay,47.6666,-52.7314,33.58,81,100,2.3,CA,1668652999
58,Prince Rupert,54.3161,-130.3201,47.89,91,0,8.05,CA,1668653006
59,Lagoa,39.05,-27.9833,60.82,69,100,21.99,PT,1668653007
60,Ushuaia,-54.8,-68.3,51.46,50,40,8.05,AR,1668653007
61,Avera,33.194,-82.5271,47.71,47,100,13.73,US,1668653007
62,Omboué,-1.5746,9.2618,74.59,90,90,8.68,GA,1668653008
63,Ossora,59.2353,163.0719,18.48,79,3,6.15,RU,1668652897
64,Cidreira,-30.1811,-50.2056,66.18,62,0,4.23,BR,1668653008
65,Port Alfred,-33.5906,26.891,63.18,93,97,4.0,ZA,1668653008
66,Lorengau,-2.0226,147.2712,85.41,57,99,8.46,PG,1668653009
67,Lebu,-37.6167,-73.65,55.89,94,62,8.39,CL,1668653009
68,Dzhebariki-Khaya,62.2167,135.8,-27.98,91,26,0.25,RU,1668653009
69,Talnakh,69.4865,88.3972,-30.51,99,65,0.69,RU,1668653010
70,Chokurdakh,70.6333,147.9167,-22.32,100,86,5.48,RU,1668652762
71,Qaanaaq,77.484,-69.3632,-4.77,85,100,4.65,GL,1668653010
72,Ostrovnoy,68.0531,39.5131,30.4,90,99,12.06,RU,1668653010
73,Redmond,47.674,-122.1215,45.03,85,17,1.01,US,1668652820
74,Cape Town,-33.9258,18.4232,61.21,72,0,16.11,ZA,1668652944
75,Saldanha,-33.0117,17.9442,55.45,77,96,15.5,ZA,1668653011
76,Albany,42.6001,-73.9662,38.57,90,54,5.84,US,1668653011
77,Esperance,-33.8667,121.9,73.2,53,7,11.97,AU,1668653011
78,Barrow,71.2906,-156.7887,26.62,80,0,20.71,US,1668653012
79,Pevek,69.7008,170.3133,1.87,97,100,8.7,RU,1668653012
80,Mitsamiouli,-11.3847,43.2844,77.5,78,3,8.84,KM,1668653012
81,Vyazniki,56.25,42.1667,23.49,86,93,4.32,RU,1668653013
82,Borogontsy,62.6683,131.1683,-24.39,94,28,7.56,RU,1668653013
83,New Norfolk,-42.7826,147.0587,61.72,50,100,1.99,AU,1668653014
84,Narsaq,60.9167,-46.05,23.22,90,46,5.35,GL,1668653014
85,Baykit,61.67,96.37,-12.84,98,38,3.53,RU,1668653014
86,Jamestown,42.097,-79.2353,33.39,64,100,11.5,US,1668652751
87,Lillehammer,61.1146,10.4674,33.08,75,95,2.51,NO,1668653015
88,Mar del Plata,-38.0023,-57.5575,64.42,94,0,4.61,AR,1668653015
89,Klyuchi,52.2667,79.1667,21.85,87,100,13.4,RU,1668653015
90,Ilulissat,69.2167,-51.1,17.62,73,100,8.05,GL,1668653016
91,Pochutla,15.7432,-96.4661,77.83,75,100,3.53,MX,1668653016
92,Rusape,-18.5278,32.1284,60.42,85,0,4.0,ZW,1668653016
93,Norman Wells,65.282,-126.8329,-0.36,85,40,0.0,CA,1668652942
94,Solano,38.2333,-121.9511,60.4,48,0,3.44,US,1668653017
95,Ouahigouya,13.5828,-2.4216,72.03,16,54,10.74,BF,1668653017
96,Bandarbeyla,9.4942,50.8122,76.32,73,0,13.62,SO,1668653017
97,Carballo,43.213,-8.691,60.01,88,69,8.59,ES,1668653018
98,Maumere,-8.6199,122.2111,85.23,71,69,2.42,ID,1668653018
99,Tateyama,34.9833,139.8667,61.54,63,100,10.31,JP,1668653018
100,Carnarvon,-24.8667,113.6333,69.35,50,80,17.56,AU,1668653018
101,Conceição da Barra,-18.5933,-39.7322,71.69,95,100,6.38,BR,1668653019
102,Bambous Virieux,-20.3428,57.7575,70.21,78,75,3.44,MU,1668653019
103,Batagay,67.6333,134.6333,-36.18,96,25,3.27,RU,1668652761
104,Tamandaré,-8.7597,-35.1047,75.74,86,24,4.21,BR,1668653020
105,Narrabri,-30.3167,149.7833,68.52,39,0,4.0,AU,1668653020
106,Byron Bay,-28.65,153.6167,70.95,41,26,13.11,AU,1668652790
107,Chui,-33.6971,-53.4616,59.99,84,0,4.27,UY,1668653020
108,Bredasdorp,-34.5322,20.0403,54.16,75,100,3.42,ZA,1668653021
109,Khasan,42.4308,130.6434,44.17,57,35,3.74,RU,1668653021
110,Bullhead City,35.1478,-114.5683,60.22,19,0,20.71,US,1668653021
111,Kokopo,-4.352,152.2633,85.71,60,100,5.21,PG,1668653022
112,Ancud,-41.8697,-73.8203,52.95,94,34,6.33,CL,1668653022
113,Hilo,19.7297,-155.09,76.24,91,100,4.61,US,1668653022
114,Manzhouli,49.6,117.4333,26.01,85,59,18.12,CN,1668653022
115,Vaitape,-16.5167,-151.75,79.81,71,97,0.96,PF,1668653023
116,Bakchar,57.0186,82.0711,11.16,94,100,5.66,RU,1668653023
117,Avarua,-21.2078,-159.775,78.85,65,61,14.97,CK,1668653023
118,Leh,34.1667,77.5833,17.37,84,97,2.93,IN,1668653024
119,Kaitangata,-46.2817,169.8464,58.41,79,93,6.73,NZ,1668653024
120,Waingapu,-9.6567,120.2641,85.82,66,96,5.01,ID,1668653024
121,Mindelo,16.8901,-24.9804,72.95,83,20,12.66,CV,1668653025
122,Codrington,-38.2667,141.9667,58.87,67,74,11.25,AU,1668652897
123,Tsabong,-26.0217,22.401,75.49,21,72,7.96,BW,1668653025
124,Souillac,-20.5167,57.5167,70.18,78,75,3.44,MU,1668653025
125,Santa Cruz de La Palma,28.6835,-17.7642,73.13,68,0,8.05,ES,1668653026
126,Pisco,-13.7,-76.2167,63.01,88,0,14.97,PE,1668653026
127,Bairiki Village,1.3292,172.9752,86.0,70,40,12.66,KI,1668653026
128,East London,-33.0153,27.9116,64.27,81,99,2.73,ZA,1668653026
129,Saint-Augustin,51.226,-58.6502,22.35,89,100,4.68,CA,1668652992
130,Hithadhoo,-0.6,73.0833,80.96,78,82,10.98,MV,1668653027
131,Linhares,-19.3911,-40.0722,69.6,98,100,2.33,BR,1668653027
132,Kindberg,47.5,15.45,44.28,95,47,1.19,AT,1668653027
133,Puerto Ayora,-0.7393,-90.3518,69.55,90,98,5.01,EC,1668653028
134,Ponta do Sol,32.6667,-17.1,69.71,84,87,6.42,PT,1668653028
135,Cap Malheureux,-19.9842,57.6142,70.47,68,40,5.01,MU,1668653028
136,Peleduy,59.6289,112.7406,31.75,97,100,10.33,RU,1668653029
137,Isangel,-19.55,169.2667,83.68,65,92,7.54,VU,1668652825
138,Jingdezhen,29.2947,117.2079,63.61,79,95,1.05,CN,1668653029
139,Bolivar,37.6145,-93.4105,27.9,69,0,7.2,US,1668653029
140,Gēdo,9.0167,37.45,47.03,59,35,4.03,ET,1668653030
141,Nome,64.5011,-165.4064,31.15,80,75,20.71,US,1668653030
142,San Patricio,28.017,-97.5169,51.84,61,100,6.89,US,1668653030
143,Tasiilaq,65.6145,-37.6368,35.76,88,100,21.7,GL,1668653030
144,Kapaa,22.0752,-159.319,80.58,70,75,12.66,US,1668653031
145,Seoul,37.5683,126.9778,56.77,50,0,6.91,KR,1668652752
146,Merzifon,40.8733,35.4631,29.66,86,16,3.44,TR,1668653031
147,Khani,41.9563,42.9566,40.57,71,90,4.9,GE,1668653031
148,Breytovo,58.2993,37.8617,27.63,94,100,4.85,RU,1668653032
149,Novonikolayevskaya,45.5892,38.3689,51.49,88,100,11.48,RU,1668653032
150,Xiaoweizhai,26.1903,107.5125,54.95,94,100,1.68,CN,1668653032
151,Vestmannaeyjar,63.4427,-20.2734,47.73,82,97,36.04,IS,1668653033
152,Kieta,-6.2167,155.6333,85.53,61,100,4.76,PG,1668653033
153,Tiksi,71.6872,128.8694,-19.82,99,96,3.42,RU,1668653033
154,Tabou,4.423,-7.3528,76.89,85,6,2.55,CI,1668653033
155,Kavaratti,10.5669,72.642,81.66,72,100,4.63,IN,1668653034
156,Flinders,-34.5833,150.8552,67.17,53,48,5.99,AU,1668653034
157,Rey Bouba,8.6724,14.1786,72.41,39,99,2.3,CM,1668653034
158,Mareeba,-17.0,145.4333,97.45,33,0,6.76,AU,1668653035
159,Mayor Pablo Lagerenza,-19.9309,-60.7718,70.86,40,1,6.11,PY,1668653035
160,Nabire,-3.3667,135.4833,85.77,68,97,4.05,ID,1668653035
161,Baymak,52.5933,58.3225,12.52,91,98,1.16,RU,1668653035
162,Balkanabat,39.5108,54.3671,54.19,44,90,6.4,TM,1668653036
163,Grajaú,-5.8194,-46.1386,76.35,78,82,1.25,BR,1668653036
164,Gamba,-2.65,10.0,75.83,84,99,9.06,GA,1668653036
165,Hasaki,35.7333,140.8333,64.29,60,92,16.17,JP,1668652758
166,Arraial do Cabo,-22.9661,-42.0278,71.62,76,94,13.62,BR,1668653037
167,Sergeevka,53.88,67.4158,5.99,93,23,5.61,KZ,1668653037
168,Lázaro Cárdenas,17.9583,-102.2,77.27,85,0,2.24,MX,1668653037
169,Theunissen,-28.411,26.7011,59.63,52,20,2.93,ZA,1668653038
170,Randazzo,37.8774,14.9501,58.42,82,99,4.88,IT,1668653038
171,Chifeng,42.2683,118.9636,39.88,57,2,5.68,CN,1668652802
172,Trairi,-3.2778,-39.2689,78.06,74,14,10.36,BR,1668652917
173,Mount Isa,-20.7333,139.5,87.57,15,46,12.66,AU,1668653039
174,Batagay-Alyta,67.8006,130.4114,-26.93,92,45,2.53,RU,1668653039
175,Māngrol,21.1167,70.1167,77.25,50,19,11.52,IN,1668653039
176,Ouro Sogui,15.6064,-13.3211,81.81,24,33,8.46,SN,1668653039
177,Charcas,23.1333,-101.1167,52.48,83,2,7.92,MX,1668653040
178,Salalah,17.0151,54.0924,73.49,64,0,4.61,OM,1668653008
179,Margate,51.3813,1.3862,54.9,97,100,5.99,GB,1668653040
180,Zhigansk,66.7697,123.3711,-14.93,87,100,14.56,RU,1668653041
181,Aklavik,68.2191,-135.0107,7.83,79,80,2.73,CA,1668653041
182,Garbolovo,60.3413,30.4955,32.58,97,99,7.43,RU,1668653041
183,Aripuanã,-9.1667,-60.6333,71.8,95,46,1.03,BR,1668653042
184,Dingle,10.9995,122.6711,85.32,72,62,11.43,PH,1668653042
185,Biak,-0.9131,122.8766,82.87,75,100,4.56,ID,1668653042
186,Cairns,-16.9167,145.7667,102.07,58,0,10.36,AU,1668653042
187,Pangnirtung,66.1451,-65.7125,-1.88,83,72,3.0,CA,1668653043
188,North Bend,43.4065,-124.2243,48.92,83,0,3.44,US,1668653043
189,Beringovskiy,63.05,179.3167,31.26,94,100,2.66,RU,1668653043
190,Makīnsk,52.6292,70.4169,0.23,98,74,6.98,KZ,1668653044
191,Douentza,14.9951,-2.9517,71.2,19,11,3.87,ML,1668653044
192,Dvinskoy Bereznik,62.8551,42.7072,18.88,97,53,4.76,RU,1668653044
193,Port Lincoln,-34.7333,135.8667,62.91,62,1,16.49,AU,1668653045
194,Chapais,49.7834,-74.8492,19.18,96,100,4.7,CA,1668653045
195,Nikšić,42.7731,18.9445,57.67,99,100,4.21,ME,1668653045
196,Kawasaki,35.5206,139.7172,62.26,50,75,6.91,JP,1668653046
197,Saint-Philippe,-21.3585,55.7679,71.19,71,21,5.64,RE,1668653046
198,Harper,4.375,-7.7169,76.86,85,16,1.68,LR,1668653047
199,George Town,5.4112,100.3354,84.13,90,20,3.44,MY,1668653047
200,La Rioja,42.25,-2.5,42.58,78,86,7.4,ES,1668652788
201,Gijang,35.2442,129.2139,56.93,34,100,0.56,KR,1668653047
202,Aykhal,66.0,111.5,-20.33,100,100,4.25,RU,1668652829
203,Harrisburg,40.2737,-76.8844,42.94,56,100,12.66,US,1668653048
204,Kudat,6.8837,116.8477,78.73,83,40,2.3,MY,1668653048
205,Sørland,67.667,12.6934,44.46,54,40,10.36,NO,1668653048
206,Pangody,65.85,74.4859,4.55,96,100,10.56,RU,1668653049
207,Emerald,-23.5333,148.1667,83.34,25,66,6.91,AU,1668653049
208,Matagami,49.7502,-77.6328,14.11,92,75,4.61,CA,1668653049
209,Vallentuna,59.5344,18.0776,34.23,91,75,8.05,SE,1668653049
210,Pimentel,-6.8367,-79.9342,63.36,88,100,12.37,PE,1668653050
211,Ilebo,-4.3167,20.5833,69.06,96,100,0.89,CD,1668653050
212,Iskateley,67.6803,53.1512,8.17,95,76,11.3,RU,1668653050
213,Bubaque,11.2833,-15.8333,82.96,69,100,3.96,GW,1668653051
214,Rawson,-43.3002,-65.1023,60.22,54,5,14.47,AR,1668653051
215,Comodoro Rivadavia,-45.8667,-67.5,53.46,66,0,4.61,AR,1668653051
216,Harrisonville,38.6533,-94.3488,29.32,67,0,0.0,US,1668653052
217,Khovu-Aksy,51.1333,93.6,20.64,78,100,2.86,RU,1668653052
218,Geraldton,-28.7667,114.6,63.01,77,100,14.97,AU,1668653052
219,Meadow Lake,34.8014,-106.5436,35.67,55,6,5.66,US,1668653053
220,Tamiahua,21.2667,-97.45,63.43,77,100,14.67,MX,1668653053
221,Aksu,41.1231,80.2644,38.5,41,0,7.54,CN,1668653053
222,Sioux Lookout,50.1001,-91.917,23.07,86,100,3.44,CA,1668653054
223,Marzuq,14.4,46.4667,60.64,58,2,0.89,YE,1668653054
224,Severo-Kuril'sk,50.6789,156.125,35.35,62,96,6.24,RU,1668653054
225,Ambunti,-4.2365,142.8448,94.26,47,93,3.02,PG,1668653055
226,San Clemente,33.427,-117.612,68.79,20,0,3.0,US,1668652872
227,Inírida,3.8653,-67.9239,74.34,96,100,2.44,CO,1668653055
228,el Prat de Llobregat,41.3278,2.0947,67.14,64,20,6.91,ES,1668653055
229,Hambantota,6.1241,81.1185,77.34,100,20,2.3,LK,1668653056
230,Vestmanna,62.1564,-7.1664,49.12,81,100,20.71,FO,1668653056
231,Zamora,-4.0692,-78.9567,67.44,100,100,1.79,EC,1668653056
232,Krasnoarmeysk,51.0239,45.6969,29.32,83,100,8.59,RU,1668653057
233,Rome,43.2128,-75.4557,37.96,90,100,6.91,US,1668653057
234,Saint George,37.1041,-113.5841,46.99,36,0,6.91,US,1668652861
235,Władysławowo,54.7909,18.4009,36.93,67,100,18.52,PL,1668653058
236,Simao,22.7886,100.9748,71.42,63,34,2.8,CN,1668653058
237,Pedasí,7.5333,-80.0333,77.07,84,99,13.27,PA,1668653058
238,Ketchikan,55.3422,-131.6461,43.27,87,0,6.91,US,1668653058
239,Klaksvík,62.2266,-6.589,50.92,89,92,37.96,FO,1668653059
240,Khatanga,71.9667,102.5,-32.87,100,92,5.26,RU,1668653059
241,Upata,8.0086,-62.3989,70.56,96,100,3.4,VE,1668653059
242,Viseu,40.661,-7.9097,59.86,98,100,10.92,PT,1668653060
243,Erenhot,43.6475,111.9767,35.87,32,6,7.29,CN,1668653060
244,Marawi,7.9986,124.2928,72.36,85,100,2.64,PH,1668653060
245,Al Bardīyah,31.7561,25.0865,63.39,55,0,11.45,LY,1668653061
246,Tornio,65.8481,24.1466,23.02,75,45,1.66,FI,1668653061
247,Saskylakh,71.9167,114.0833,-25.1,98,100,4.16,RU,1668653042
248,Te Anau,-45.4167,167.7167,58.8,90,100,2.44,NZ,1668653062
249,Mahon,39.8885,4.2658,66.76,72,0,8.05,ES,1668653062
250,Russell,32.3502,-85.1999,47.8,66,0,3.44,US,1668653062
251,Northam,51.0333,-4.2167,50.61,91,100,20.58,GB,1668653063
252,Clyde River,70.4692,-68.5914,-0.17,78,100,16.11,CA,1668653063
253,Karratha,-20.7377,116.8463,80.04,45,38,16.35,AU,1668653063
254,Tena,-0.9833,-77.8167,69.21,93,100,2.01,EC,1668652809
255,Saucillo,28.0167,-105.2833,49.48,42,0,14.05,MX,1668653064
256,Katsuura,35.1333,140.3,60.73,68,94,14.56,JP,1668653064
257,Kalmunai,7.4167,81.8167,77.97,75,67,12.68,LK,1668653065
258,Cabedelo,-6.9811,-34.8339,77.67,79,4,7.96,BR,1668653065
259,Ōzu,33.5,132.55,62.83,55,100,3.87,JP,1668653065
260,Mahajanga,-15.7167,46.3167,73.42,100,20,4.61,MG,1668653066
261,Neiafu,-18.65,-173.9833,75.88,94,75,4.61,TO,1668653066
262,Tankhoy,51.5528,105.1306,37.99,57,0,4.88,RU,1668653066
263,Faanui,-16.4833,-151.75,79.83,71,95,0.81,PF,1668653067
264,Lüderitz,-26.6481,15.1594,58.71,83,12,10.74,NA,1668653067
265,Vila Franca do Campo,37.7167,-25.4333,62.2,85,100,7.92,PT,1668653068
266,Mayumba,-3.432,10.6554,75.79,86,100,9.86,GA,1668653068
267,Arrondissement d'Arcachon,44.5875,-1.0519,60.85,77,0,10.36,FR,1668653068
268,Ust'-Karsk,52.7011,118.8077,24.58,84,100,1.32,RU,1668653068
269,Lata,40.1629,-8.3327,63.07,97,99,10.38,PT,1668653069
270,Jalu,29.0331,21.5482,60.91,39,0,10.49,LY,1668653069
271,Taoudenni,22.6783,-3.9836,70.83,19,0,8.77,ML,1668653070
272,Kuruman,-27.4524,23.4325,65.95,15,2,7.27,ZA,1668653070
273,Bilibino,68.0546,166.4372,-9.8,100,90,1.19,RU,1668653070
274,Westerland,54.9079,8.3033,42.03,75,20,26.46,DE,1668653070
275,Lübbenau,51.8667,13.9667,38.19,87,100,14.38,DE,1668653071
276,Madisonville,37.3281,-87.4989,33.66,62,68,1.01,US,1668652928
277,Coromandel,-18.4733,-47.2003,69.64,71,76,3.27,BR,1668653002
278,El Sauzal de Rodríguez,31.9,-116.6833,55.42,40,0,13.51,MX,1668653071
279,Bengkulu,-3.8004,102.2655,76.78,88,100,6.93,ID,1668652929
280,Sagua de Tánamo,20.5819,-75.2414,75.0,94,7,3.04,CU,1668653072
281,Constitución,-35.3333,-72.4167,56.71,83,7,11.54,CL,1668652856
282,Il’inskiy,55.619,38.1182,25.52,93,100,2.24,RU,1668653072
283,Fairbanks,64.8378,-147.7164,6.8,85,0,0.0,US,1668653072
284,Lethem,3.3803,-59.7968,79.86,71,96,5.73,GY,1668653073
285,Boa Vista,2.8197,-60.6733,80.58,74,0,2.3,BR,1668653073
286,Auki,-8.7676,160.7034,82.27,78,51,2.57,SB,1668653074
287,Plettenberg Bay,-34.0527,23.3716,57.72,80,83,5.28,ZA,1668653074
288,Kulebaki,55.4133,42.5325,22.37,87,8,5.66,RU,1668653074
289,Paragominas,-2.9667,-47.4833,74.64,84,57,1.25,BR,1668653075
290,Forsytheganj,52.6333,29.7333,26.73,76,42,10.47,BY,1668653075
291,Berlevåg,70.8578,29.0864,41.0,60,12,16.37,NO,1668653075
292,San Jose,37.3394,-121.895,60.58,46,0,9.22,US,1668652965
293,Korla,41.7597,86.1469,40.28,44,100,5.73,CN,1668652830
294,La Grande,45.3246,-118.0877,29.97,78,6,3.71,US,1668652836
295,Mazagão,-0.115,-51.2894,82.45,86,47,4.18,BR,1668652829
296,Kaura Namoda,12.5898,6.5779,68.36,27,4,10.27,NG,1668653076
297,Poddor'ye,57.4695,31.1156,29.57,83,100,5.21,RU,1668653076
298,Brazzaville,-4.2658,15.2832,75.56,88,100,2.3,CG,1668653077
299,Ardahan,41.1087,42.7022,34.99,94,98,3.02,TR,1668653077
300,Maningrida,-12.0667,134.2667,92.34,50,100,8.97,AU,1668653077
301,Asău,46.4333,26.4,38.32,86,100,1.45,RO,1668653078
302,Iqaluit,63.7506,-68.5145,8.33,85,100,12.66,CA,1668653078
303,Mercedes,-34.6515,-59.4307,76.78,40,77,8.46,AR,1668652805
304,Yoichi,43.2039,140.7703,42.71,59,100,12.95,JP,1668653078
305,Srednekolymsk,67.45,153.6833,-4.65,99,100,7.07,RU,1668653079
306,Castro,-24.7911,-50.0119,54.82,83,0,6.96,BR,1668653079
307,Treinta y Tres,-33.2333,-54.3833,58.32,81,0,4.21,UY,1668653079
308,Indianola,41.3581,-93.5574,25.29,91,18,8.23,US,1668653037
309,Alençon,48.4333,0.0833,50.07,87,67,18.28,FR,1668653079
310,Taltal,-25.4,-70.4833,61.9,85,32,0.6,CL,1668653080
311,Hamilton,39.1834,-84.5333,33.06,79,100,13.8,US,1668653080
312,Maraã,-1.8333,-65.3667,73.89,98,100,0.76,BR,1668653080
313,Berbera,10.4396,45.0143,78.22,67,1,4.52,SO,1668652890
314,Abu Samrah,35.3029,37.1841,55.54,77,100,0.92,SY,1668653081
315,Maniitsoq,65.4167,-52.9,18.39,69,100,5.37,GL,1668653081
316,Mocuba,-16.8392,36.9856,70.21,97,2,0.25,MZ,1668653081
317,Husavik,66.0449,-17.3389,43.43,81,100,18.54,IS,1668653082
318,Coruripe,-10.1256,-36.1756,75.18,88,20,8.19,BR,1668652874
319,Cravo Norte,6.3017,-70.2041,76.46,90,100,4.52,CO,1668653082
320,Mount Gambier,-37.8333,140.7667,59.77,58,92,6.62,AU,1668653082
321,Scottsbluff,41.8666,-103.6672,36.72,62,100,5.75,US,1668653083
322,Zyryanka,65.75,150.85,-8.48,98,100,10.49,RU,1668653083
323,Conceição do Araguaia,-8.2578,-49.2647,73.35,96,100,3.2,BR,1668653083
324,Staryy Nadym,65.6118,72.6842,4.37,86,100,10.74,RU,1668653084
325,Sabang,5.8933,95.3214,81.88,74,100,18.99,ID,1668653084
326,Tran,42.8353,22.6517,48.97,86,100,2.93,BG,1668653084
327,Tūkrah,32.5341,20.5791,63.75,56,0,12.93,LY,1668653084
328,Aranos,-24.1333,19.1167,73.18,46,1,9.86,NA,1668653085
329,Poyarkovo,49.6,128.6833,24.19,77,92,8.63,RU,1668653085
330,Ulladulla,-35.35,150.4667,61.93,51,8,12.26,AU,1668653085
331,Yeppoon,-23.1333,150.7333,87.58,37,85,12.17,AU,1668653086
332,Eureka,40.8021,-124.1637,47.59,93,7,2.3,US,1668653086
333,Vīrarājendrapet,12.2,75.8,69.19,68,18,3.8,IN,1668653086
334,Dalvik,65.9702,-18.5286,46.33,88,100,7.78,IS,1668653087
335,Seewalchen,47.9525,13.5838,41.85,100,87,2.62,AT,1668653087
336,Mikhaylovka,50.06,43.2379,35.78,84,100,6.87,RU,1668652972
337,Camacha,33.0833,-16.3333,65.62,88,20,9.22,PT,1668653087
338,Acapulco de Juárez,16.8634,-99.8901,80.42,83,40,2.3,MX,1668653088
339,Alegrete,-29.7831,-55.7919,67.32,55,2,7.27,BR,1668653088
340,Merauke,-8.4667,140.3333,83.26,74,100,1.52,ID,1668653088
341,Chumikan,54.7183,135.315,17.28,77,47,16.84,RU,1668653088
342,Cabo San Lucas,22.8909,-109.9124,77.5,66,67,2.37,MX,1668653036
343,Leningradskiy,69.3833,178.4167,5.58,94,100,4.0,RU,1668653089
344,Moscow,55.7522,37.6156,25.38,88,100,0.76,RU,1668653030
345,Xining,36.6167,101.7667,38.32,37,91,3.6,CN,1668653089
346,Cherskiy,68.75,161.3,1.54,97,100,2.73,RU,1668653089
347,Takāb,36.4009,47.1133,39.34,92,84,1.74,IR,1668653090
348,Fortuna,40.5982,-124.1573,47.32,95,0,3.44,US,1668653090
349,Madimba,-10.4,40.3333,74.52,88,20,8.05,TZ,1668653090
350,Alyangula,-13.8483,136.4192,90.75,50,77,2.84,AU,1668653091
351,Kirakira,-10.4544,161.9205,82.87,80,78,4.03,SB,1668653091
352,Beloha,-25.1667,45.05,67.14,82,0,4.05,MG,1668653091
353,Shirokiy,49.758,129.523,20.1,90,98,7.85,RU,1668653092
354,Aksha,50.2814,113.2867,34.72,57,2,11.45,RU,1668653092
355,Sinnamary,5.3833,-52.95,78.03,85,100,7.61,GF,1668653092
356,Sola,-13.8833,167.55,82.6,70,14,6.96,VU,1668653092
357,Arrondissement de Limoges,45.75,1.3333,53.67,87,100,10.11,FR,1668653038
358,Marau,-28.4492,-52.2,56.37,66,0,3.98,BR,1668653093
359,Krasnosel'kup,65.7,82.4667,-22.74,100,44,4.32,RU,1668653093
360,Bonavista,48.6499,-53.1147,34.27,65,99,5.91,CA,1668652967
361,Alofi,-19.0595,-169.9187,80.49,78,75,9.22,NU,1668653093
362,Zemio,5.0314,25.1361,69.73,69,100,1.05,CF,1668653094
363,Opuwo,-18.0607,13.84,73.13,38,91,4.47,NA,1668653094
364,Wasilla,61.5814,-149.4394,33.94,74,0,3.44,US,1668653094
365,Nanortalik,60.1432,-45.2371,19.22,76,32,20.78,GL,1668653095
366,Yulara,-25.2406,130.9889,84.07,38,10,20.94,AU,1668653095
367,Kununurra,-15.7667,128.7333,89.58,62,19,9.22,AU,1668653095
368,Sisimiut,66.9395,-53.6735,22.87,93,100,20.45,GL,1668653095
369,Bagdarin,54.4333,113.6,23.68,65,63,2.73,RU,1668653096
370,Namatanai,-3.6667,152.4333,84.94,66,100,8.77,PG,1668653096
371,Lesnoye,58.2841,35.5158,27.99,96,100,4.43,RU,1668653096
372,Tawao,4.2498,117.8871,80.73,88,100,2.08,MY,1668653097
373,Meulaboh,4.1363,96.1285,79.56,80,100,5.7,ID,1668653097
374,Pagudpud,18.5616,120.7868,87.89,59,0,11.39,PH,1668653097
375,Zhangjiakou,40.81,114.8794,45.16,40,0,1.66,CN,1668652975
376,Mlimba,-8.8,35.8167,73.29,81,49,3.4,TZ,1668653098
377,Khanbari,27.3747,87.2039,62.13,70,66,2.13,NP,1668653098
378,Vila Velha,-20.3297,-40.2925,71.55,98,100,3.44,BR,1668652874
379,Rionero in Vulture,40.9257,15.67,52.61,91,35,6.33,IT,1668653098
380,Ingham,42.6,-84.3833,33.03,88,40,0.0,US,1668653099
381,Coyhaique,-45.5752,-72.0662,53.55,76,89,4.61,CL,1668652910
382,Lumphat,13.4878,106.9816,87.98,55,96,7.56,KH,1668653099
383,Port-Gentil,-0.7193,8.7815,76.23,88,100,11.48,GA,1668653099
384,Kilindoni,-7.9139,39.6668,79.25,73,65,8.55,TZ,1668653100
385,Lentekhi,42.7856,42.7261,45.7,53,97,3.78,GE,1668653100
386,Kirovskiy,45.0917,133.5136,34.9,59,2,2.73,RU,1668653100
387,Las Vegas,36.175,-115.1372,56.08,27,0,6.91,US,1668652976
388,Andreapol',56.6513,32.2664,27.99,79,100,5.35,RU,1668653100
389,Semnan,35.5729,53.3971,49.84,37,75,2.3,IR,1668653101
390,Ahipara,-35.1667,173.1667,67.28,78,100,10.71,NZ,1668652896
391,Solnechnyy,50.7214,136.6319,25.88,56,52,3.65,RU,1668652944
392,Faya,18.3851,42.4509,51.91,55,4,2.46,SA,1668653102
393,Bilma,18.6853,12.9164,64.78,26,4,6.67,NE,1668653102
394,Talisay City,10.2447,123.8494,87.82,74,40,8.05,PH,1668653102
395,Nizhniy Kuranakh,58.8353,125.4869,15.3,92,100,2.98,RU,1668653102
396,Saint-Joseph,-21.3667,55.6167,70.18,66,10,3.67,RE,1668653103
397,Lac du Bonnet,50.2536,-96.0612,13.73,97,100,1.92,CA,1668653103
398,San Bartolomé de Tirajana,27.9248,-15.5733,64.31,26,0,5.75,ES,1668653103
399,Touros,-5.1989,-35.4608,78.21,71,2,11.12,BR,1668653104
400,Ambalema,4.7841,-74.7627,73.2,93,100,2.37,CO,1668653104
401,San Juan,-31.5375,-68.5364,86.25,26,34,15.79,AR,1668653104
402,Hervey Bay,-25.2986,152.8535,79.02,34,65,11.01,AU,1668652823
403,Riyadh,24.6877,46.7219,71.74,30,91,9.82,SA,1668653105
404,Pelym,61.0108,61.9978,-8.05,97,59,2.86,RU,1668653106
405,Isfahan,32.6572,51.6776,40.64,50,93,1.68,IR,1668653106
406,Caravelas,-17.7125,-39.2481,72.0,98,100,3.18,BR,1668653106
407,Gubkinskiy,64.434,76.5026,-1.66,80,100,11.39,RU,1668653107
408,Mananara,-16.1667,49.7667,72.5,91,57,1.45,MG,1668653107
409,Longview,32.5007,-94.7405,44.85,77,0,0.0,US,1668652861
410,Iquique,-20.2208,-70.1431,64.44,76,29,1.41,CL,1668652979
411,Palana,59.1167,159.9667,20.75,89,99,12.91,RU,1668653107
412,Pasni,25.2631,63.471,77.7,58,5,7.47,PK,1668653108
413,Baker City,44.7749,-117.8344,30.6,84,0,0.0,US,1668653108
414,Nānākuli,21.3906,-158.1547,82.35,50,20,12.66,US,1668653108
415,Srandakan,-7.9386,110.2506,86.7,66,44,3.94,ID,1668653109
416,Nuevo Progreso,23.1667,-97.95,51.55,66,100,12.91,MX,1668653109
417,Ontario,34.0633,-117.6509,68.49,22,0,23.02,US,1668653109
418,Port Blair,11.6667,92.75,78.84,83,75,2.3,IN,1668652906
419,Isla Mujeres,21.2311,-86.731,77.16,70,8,11.05,MX,1668653110
420,Henties Bay,-22.116,14.2845,58.86,94,6,6.26,NA,1668653110
421,Salinópolis,-0.6136,-47.3561,79.5,76,97,7.27,BR,1668653111
422,Egersund,58.4513,5.9997,44.38,77,100,30.87,NO,1668653111
423,Calimete,22.5333,-80.9061,72.77,92,13,6.6,CU,1668653111
424,Jobat,22.4167,74.5667,71.55,31,0,6.46,IN,1668653112
425,Durazno,-33.4131,-56.5006,65.12,55,6,8.9,UY,1668652826
426,Makakilo City,21.3469,-158.0858,80.92,56,20,13.8,US,1668653112
427,Erdaojiang,41.7764,126.0319,45.81,51,4,6.51,CN,1668653112
428,Suez,29.9737,32.5263,60.94,69,4,3.02,EG,1668653113
429,Quatre Cocos,-20.2078,57.7625,71.1,60,30,6.24,MU,1668653113
430,Măxineni,45.4,27.6333,46.42,85,93,6.64,RO,1668653113
431,Kidal,18.4411,1.4078,67.8,19,53,8.25,ML,1668653114
432,Laguna,38.421,-121.4238,57.09,64,0,3.44,US,1668653114
433,Menongue,-14.6585,17.691,61.25,95,95,3.89,AO,1668653114
434,Catuday,16.2923,119.8062,83.66,60,14,6.82,PH,1668653115
435,Paamiut,61.994,-49.6678,11.43,79,53,9.13,GL,1668653115
436,Yenagoa,4.9247,6.2642,74.21,93,6,4.32,NG,1668653116
437,Ha Tinh,18.3333,105.9,82.38,73,26,1.45,VN,1668653116
438,Miyako,39.6367,141.9525,49.53,48,95,7.83,JP,1668653117
439,Rāzole,16.4833,81.8333,75.85,56,93,3.96,IN,1668653117
440,Aktobe,50.2797,57.2072,23.09,93,0,6.71,KZ,1668653117
441,Itaqui,-29.1253,-56.5531,69.46,51,2,5.21,BR,1668652843
442,Dunedin,-45.8742,170.5036,55.8,99,100,6.06,NZ,1668653119
443,Tianpeng,30.9866,103.9393,59.47,67,97,1.5,CN,1668653119
444,Jiazi,22.8779,116.067,76.93,74,28,10.78,CN,1668653119
445,Poum,-20.2333,164.0167,80.2,76,100,4.88,NC,1668653120
446,Sitka,57.0531,-135.33,46.29,81,0,0.0,US,1668653120
447,Mossamedes,-15.1961,12.1522,69.17,78,98,5.12,AO,1668653120
448,Jardim do Seridó,-6.5844,-36.7744,76.96,66,11,15.48,BR,1668653121
449,Buraidah,26.326,43.975,66.65,38,91,4.23,SA,1668653121
450,Cayenne,4.9333,-52.3333,77.04,94,0,2.3,GF,1668653121
451,Pitkyaranta,61.5734,31.4792,30.31,91,87,10.13,RU,1668653122
452,Alghero,40.5589,8.3181,53.69,100,20,2.3,IT,1668653122
453,Mehamn,71.0357,27.8492,40.95,56,23,12.66,NO,1668653122
454,Sharan,54.8167,54.0,14.85,94,21,7.34,RU,1668653123
455,Shache,38.4167,77.2406,41.32,33,0,7.74,CN,1668653123
456,Tacna,-18.0056,-70.2483,59.2,77,40,5.75,PE,1668653123
457,Tuatapere,-46.1333,167.6833,59.56,84,100,4.59,NZ,1668653124
458,Preobrazheniye,42.9019,133.9064,43.23,46,19,4.74,RU,1668653124
459,Lerwick,60.1545,-1.1494,48.2,84,100,43.31,GB,1668653124
460,Lengshuitan,26.4111,111.5956,59.94,74,100,4.14,CN,1668653125
461,Praxédis Guerrero,31.3667,-106.0167,40.64,38,84,17.25,MX,1668653125
462,Kenai,60.5544,-151.2583,32.14,71,0,11.5,US,1668653060
463,Arrondissement de Perpignan,42.75,2.75,52.83,87,100,4.61,FR,1668653125
464,Dhārchula,29.85,80.5333,59.56,27,0,0.76,IN,1668653126
465,Lodja,-3.4833,23.4333,66.36,99,94,1.39,CD,1668653126
466,Gushikawa,26.3544,127.8686,78.03,73,40,4.61,JP,1668653126
467,Lubango,-14.9172,13.4925,61.03,66,96,1.77,AO,1668653127
468,Mitú,1.1983,-70.1733,71.69,99,98,1.74,CO,1668653127
469,Port Hedland,-20.3167,118.5667,80.65,54,23,16.11,AU,1668653127
470,Plouzané,48.3833,-4.6167,51.85,90,100,19.57,FR,1668653127
471,Garissa,-0.4536,39.6401,74.23,85,100,9.46,KE,1668653128
472,Kiryat Gat,31.61,34.7642,63.39,100,24,7.0,IL,1668653128
473,Bonthe,7.5264,-12.505,75.78,85,52,3.69,SL,1668653128
474,Mana,5.6592,-53.7767,77.97,87,100,8.03,GF,1668653129
475,Shiyan,32.6475,110.7781,59.04,59,6,4.23,CN,1668653129
476,Yar-Sale,66.8333,70.8333,4.23,93,93,8.43,RU,1668653129
477,Presidencia Roque Sáenz Peña,-26.7852,-60.4388,67.95,53,0,6.49,AR,1668653130
478,Mukdahan,16.5833,104.5,82.15,62,3,7.34,TH,1668653130
479,Caronport,50.4501,-105.8179,17.78,88,100,19.15,CA,1668653130
480,Dukat,62.55,155.55,-23.12,94,12,2.77,RU,1668653131
481,Zonguldak,41.25,31.8333,43.18,61,54,5.17,TR,1668653131
482,Ajdabiya,30.7554,20.2263,61.99,34,0,10.67,LY,1668653131
483,Padang,-0.9492,100.3543,75.25,80,100,3.51,ID,1668653132
484,Singaraja,-8.112,115.0882,83.77,74,99,2.33,ID,1668653132
485,Jardim,-21.4803,-56.1381,64.85,78,0,4.63,BR,1668652979
486,Fomboni,-12.28,43.7425,78.75,75,16,9.66,KM,1668653133
487,Havøysund,70.9963,24.6622,43.03,71,10,13.98,NO,1668653133
488,Gīdolē,5.65,37.3667,55.18,64,44,3.53,ET,1668653133
489,Iwanai,42.9744,140.5089,41.14,72,99,6.53,JP,1668653134
490,Dagana,16.5165,-15.5068,81.32,42,90,4.05,MR,1668653134
491,Kitimat,54.0524,-128.6534,37.78,51,5,1.01,CA,1668652903
492,Camaná,-16.6228,-72.7111,64.69,87,99,4.97,PE,1668653135
493,Casper,42.8666,-106.3131,29.71,66,75,9.22,US,1668653135
494,Sawākin,19.1059,37.3321,83.12,64,30,4.27,SD,1668653135
495,Pacific Grove,36.6177,-121.9166,56.7,57,0,6.91,US,1668653112
496,Oranjemund,-28.55,16.4333,58.15,89,76,9.06,NA,1668653136
497,Mackay,-21.15,149.2,88.68,48,40,16.84,AU,1668653136
498,Pilar,-9.5972,-35.9567,75.13,93,39,3.11,BR,1668652885
499,Guarapari,-20.6667,-40.4975,70.9,93,100,8.16,BR,1668653040
500,The Valley,18.217,-63.0578,81.1,73,0,17.16,AI,1668652974
501,Severo-Yeniseyskiy,60.3725,93.0408,-8.86,100,91,2.42,RU,1668653136
502,Guhāgar,17.4842,73.1929,75.52,45,0,5.46,IN,1668653137
503,Mbanza-Ngungu,-5.25,14.8667,65.68,98,99,3.15,CD,1668653137
504,Minuwangoda,7.1663,79.9533,76.93,88,77,4.61,LK,1668653137
505,Samarai,-10.6167,150.6667,86.95,68,98,15.12,PG,1668653138
506,Grindavik,63.8424,-22.4338,46.35,93,75,18.41,IS,1668653138
507,St. George's,12.0564,-61.7485,78.48,94,20,9.22,GD,1668653138
508,Deputatsky,69.3,139.9,-28.89,100,81,2.53,RU,1668653139
509,Ust-Kuyga,70.0167,135.6,-36.54,99,98,8.21,RU,1668653139
510,Banda Aceh,5.5577,95.3222,83.44,69,100,13.04,ID,1668653139
511,Lokosovo,61.1333,74.8167,-12.95,97,25,3.49,RU,1668653140
512,Esmeraldas,-19.7625,-44.3139,70.11,94,43,4.21,BR,1668653140
513,Shizunai-furukawachō,42.3339,142.3669,43.54,61,29,14.67,JP,1668653140
514,Tarauacá,-8.1614,-70.7656,72.54,99,98,1.54,BR,1668653140
515,Rundu,-17.9333,19.7667,70.52,48,31,3.09,NA,1668653141
516,Belaya Gora,68.5333,146.4167,-17.28,96,100,2.77,RU,1668653141
517,Cranbrook,49.4999,-115.7688,21.04,93,100,2.3,CA,1668653116
